Images,Title,Description
https://rapidapi.com/cdn/images?url=https://rapidapi-prod-apis.s3.amazonaws.com/2f2478f3-366e-4cfc-af2a-160fcd359ce0.png,StreamlineWatch - Streaming Guide,StreamlineWatch's streaming guide APIs for Movies and Shows
https://rapidapi.com/cdn/images?url=https://rapidapi-prod-apis.s3.amazonaws.com/b6e657b9-2c11-4798-8465-b4c8d7e0de13.png,Lecto Translation,"Fast Neural Translation. Text/HTML/JSON. Protected keys. Multiple source texts and target languages in a single request. Free Translation API trial with paid plans as low as $0.3 per million characters. 90+ supported languages. For personalized integration support or private plans with higher quotas, contact [support@lecto.ai](mailto:%73%75%70%70%6f%72%74%40%6c%65%63%74%6f%2e%61%69) or via Telegram @lectoai . Also available via our website with attractive Translation API pricing at https://da..."
https://rapidapi.com/cdn/images?url=https://rapidapi-prod-apis.s3.amazonaws.com/c3736925-9c98-4fdc-857e-07c11146afb7.png,Coinranking,A simple API for Cryptocurrency Prices - 28k+ users - Real-Time & Historical - Crypto Market Data - Coins - Exchanges - Free & Paid
https://rapidapi.com/cdn/images?url=https://rapidapi-prod-apis.s3.amazonaws.com/c1fb79d1-84ab-43d7-9a0a-93bae7d54122.png,ProxyPage,"Get high quality proxies for free, proxy list with your filters"
https://rapidapi.com/cdn/images?url=https://rapidapi-prod-apis.s3.amazonaws.com/17fe17d3-868d-4fdc-9ae7-1523fa2cb1a6.png,Google Search 2,"Serpdog(https://serpdog.io) is a Google Search API that allows you to access Google Search Results in real time. It solves the problem of proxies and captchas for a smooth scraping journey. Serpdog supports results in both HTML and JSON format.
Get your free trial by registering at https://api.serpdog.io
If you want to buy our plan, I recommend you to please visit https://serpdog.io/pricing for more information."
https://rapidapi.com/cdn/images?url=https://s3.amazonaws.com/mashape-production-logos/apis/5b900012e4b01c1322c68237_medium,IP Geolocation by ipgeolocation.io,"IP Geolocation API allows developers to get geolocation information for a given IP address. Data points returned by this GeoIP API include city, state, province, country, continent, latitude, longitude, region, timezone, current time, organization, ISP, local currency, and country flags. This IP Location API can be used for content personalization, geotargeting, geofencing, ad targeting, digital rights management, form auto-completion, etc. With the free plan, you can make 15,000 IP lookup API calls per month. Paid plans are starting from $15 per month."
https://rapidapi.com/cdn/images?url=https://rapidapi-prod-apis.s3.amazonaws.com/c2a75616-6d6c-4a66-826d-0fbbc2762b92.png,CurrencyAPI.net,Real-time currency conversion on 152 currencies and cryptos
https://rapidapi.com/cdn/images?url=https://rapidapi-prod-apis.s3.amazonaws.com/bb/e20cc2091d4963bb075d1dd957d65d/cbd156018162314e428642bcf4d0fd8a.png,UGPROXY,UGPROXY Service | Proxy List - Residential Proxy - Rotating IP's Proxy Service
https://rapidapi.com/cdn/images?url=https://rapidapi-prod-apis.s3.amazonaws.com/58ee5bd0-e893-4539-a764-8fd432e29e0e.png,SERPhouse,"Google, Bing and Yahoo realtime SERP API"
https://rapidapi.com/cdn/images?url=https://rapidapi-prod-apis.s3.amazonaws.com/ee76191e-e579-4564-89ee-0a1bbf1c0671.png,Domain SEO Analysis,"Bishopi's advanced and real-time proprietary SEO metrics for domain names investors, keywords research and SEO professionals. - More on Bishopi.io"
https://rapidapi.com/cdn/images?url=https://rapidapi-prod-apis.s3.amazonaws.com/53afacea-db08-418d-8ce1-28606c8bd5c4.png,Outsida,"Outsida provides a convenient API that show events happening in and around your city. You can now query events, venues, query for particular events or venues by name or id."
https://rapidapi.com/cdn/images?url=https://rapidapi-prod-apis.s3.amazonaws.com/bf1840cc-eff8-41c8-94c1-e787ecaaa19a.jpg,Fake Identity Generator,The most complete and cheap Fake Identity Generation API
https://rapidapi.com/cdn/images?url=https://rapidapi-prod-apis.s3.amazonaws.com/a871a4ec-83a7-4b61-a853-60b18cca171b.jpg,DataForSEO Search Volume,DataForSEO Search Volume API provides keyword data based on Google AdWords.
https://rapidapi.com/cdn/images?url=https://rapidapi-prod-apis.s3.amazonaws.com/c9605c1d-2a8e-447f-b402-223b021be0ce.png,SERP,"Search Engine data at scale. Uses city-level geo-targeting via residential proxies for targeted queries. Extract data such as organic results, paid results, related questions, top stories, people also ask, pagination, etc. in JSON format"
https://rapidapi.com/cdn/images?url=https://rapidapi-prod-apis.s3.amazonaws.com/86efcf31-d9ed-4e3c-80f4-2449eb032c72.png,Cash4Life,Do you want to get paid for the rest of your life? This is your game! Introducing the latest winning numbers and the best statistics!
https://rapidapi.com/cdn/images?url=https://rapidapi-prod-apis.s3.amazonaws.com/1e723a10-7569-4615-b598-5207a758ed67.png,Lucky4Life,Do you want to get paid for the rest of your life? This is your game! Introducing the lastest winning numbers and the best statistics!
https://rapidapi.com/cdn/images?url=https://rapidapi-prod-apis.s3.amazonaws.com/4c6fcdeb-22c1-4b40-8cb9-d60c1056d527.png,Semantic Quotes,"Semantic search for quotes. Wondering which celebrities have said something similar? Look no more, this API gives you the power to search for quotes semantically from over 1M+ quotes. The Artificial Intelligence (NLP) engine behind the scene seeks to understand the meaning of your query rather than simply matching keywords. We allows user to flexibly filter the results by the length of the quote, and/or by a large variety of tags."
https://rapidapi.com/cdn/images?url=https://rapidapi-prod-apis.s3.amazonaws.com/68b19516-331d-4db3-93c5-34f69b2b5538.png,SerpWow,The SERP API with advanced parsing to reliably capture all search results across all major search engines
https://rapidapi.com/cdn/images?url=https://rapidapi-prod-apis.s3.amazonaws.com/00bc3506-a014-48a0-be30-6665c7461fbc.png,Fast PDF Conversion,Fastest Word DOCX to PDF conversion tool (+30 more formats)! Try for free now!
https://rapidapi.com/cdn/images?url=https://rapidapi-prod-apis.s3.amazonaws.com/355a5650-06d2-44b5-ac7f-836360bde033.png,GenerativeAi Image detection,"Our API identifies artificial or generative AI images, providing accurate detection to combat fake and misleading visuals. Using advanced algorithms, it analyzes and identifies unique patterns to offer an added layer of protection and verification for social media platforms, news organizations, and content creators."
https://rapidapi.com/cdn/images?url=https://rapidapi-prod-apis.s3.amazonaws.com/37/c91865a38a44f793c265af618340a0/731f34b730f0ced443598bb6446d12e3.png,IP Address Tracker - PRO,"This is a paid service that will get you the ip geographical location information of your user. Just simply call the API for a pacific ip address and you will get the following information about your user: country, state, city, zip code, longitude, latitude, and timezone"
https://rapidapi.com/cdn/images?url=https://rapidapi-prod-apis.s3.amazonaws.com/976c663f-f16b-40ec-8611-e4a990a1d247.png,Device Limiter,The service keeps track of devices used by the users of your app (mobile or web) and allows you to limit the usage by each user to a small number of devices (default 5). This limitation can help reduce credential sharing on paid services.
https://rapidapi.com/cdn/images?url=https://rapidapi-prod-apis.s3.amazonaws.com/6c60e51e-d25f-4fa4-93e9-017f781b3bfd.png,VALUE SERP,"The most complete, low-cost Google SERP API to power your SEO tools and services"
https://rapidapi.com/cdn/images?url=https://rapidapi-prod-apis.s3.amazonaws.com/16632105-d3f2-4882-bfbe-1907b3b4a736.png,Scale SERP,The comprehensive SERP API to go deep and capture all the search results Google displays
